publisher_id,subscriber_id,topic,send_time,recv_time,broker_recv_time,broker_send_time,dissemination
broker,sub2,b'News',1738624238610,1738624238613,ViaBroker
broker,sub2,b'Technology',1738624238612,1738624238614,ViaBroker
broker,sub2,b'News',1738624239582,1738624239583,ViaBroker
broker,sub2,b'Technology',1738624239585,1738624239585,ViaBroker
broker,sub2,b'News',1738624239608,1738624239609,ViaBroker
broker,sub2,b'Technology',1738624239609,1738624239610,ViaBroker
broker,sub2,b'News',1738624240583,1738624240584,ViaBroker
broker,sub2,b'Technology',1738624240586,1738624240587,ViaBroker
broker,sub2,b'News',1738624240608,1738624240609,ViaBroker
broker,sub2,b'Technology',1738624240610,1738624240611,ViaBroker
broker,sub2,b'News',1738624241584,1738624241585,ViaBroker
broker,sub2,b'Technology',1738624241586,1738624241587,ViaBroker
broker,sub2,b'News',1738624241610,1738624241611,ViaBroker
broker,sub2,b'Technology',1738624241612,1738624241613,ViaBroker
broker,sub2,b'News',1738624242585,1738624242587,ViaBroker
broker,sub2,b'Technology',1738624242586,1738624242587,ViaBroker
broker,sub2,b'News',1738624242612,1738624242613,ViaBroker
broker,sub2,b'Technology',1738624242614,1738624242615,ViaBroker
broker,sub2,b'News',1738624243586,1738624243587,ViaBroker
broker,sub2,b'Technology',1738624243589,1738624243590,ViaBroker
broker,sub2,b'News',1738624243613,1738624243615,ViaBroker
broker,sub2,b'Technology',1738624243614,1738624243615,ViaBroker
broker,sub2,b'News',1738624244587,1738624244588,ViaBroker
broker,sub2,b'Technology',1738624244589,1738624244590,ViaBroker
broker,sub2,b'News',1738624244614,1738624244615,ViaBroker
broker,sub2,b'Technology',1738624244617,1738624244619,ViaBroker
broker,sub2,b'News',1738624245587,1738624245588,ViaBroker
broker,sub2,b'Technology',1738624245588,1738624245589,ViaBroker
broker,sub2,b'News',1738624245615,1738624245617,ViaBroker
broker,sub2,b'Technology',1738624245616,1738624245617,ViaBroker
broker,sub2,b'News',1738624246589,1738624246590,ViaBroker
broker,sub2,b'News',1738624238610,1738624238613,ViaBroker
broker,sub2,b'Technology',1738624238612,1738624238614,ViaBroker
broker,sub2,b'News',1738624239582,1738624239583,ViaBroker
broker,sub2,b'Technology',1738624239585,1738624239585,ViaBroker
broker,sub2,b'News',1738624239608,1738624239609,ViaBroker
broker,sub2,b'Technology',1738624239609,1738624239610,ViaBroker
broker,sub2,b'News',1738624240583,1738624240584,ViaBroker
broker,sub2,b'Technology',1738624240586,1738624240587,ViaBroker
broker,sub2,b'News',1738624240608,1738624240609,ViaBroker
broker,sub2,b'Technology',1738624240610,1738624240611,ViaBroker
broker,sub2,b'News',1738624241584,1738624241585,ViaBroker
broker,sub2,b'Technology',1738624241586,1738624241587,ViaBroker
broker,sub2,b'News',1738624241610,1738624241611,ViaBroker
broker,sub2,b'Technology',1738624241612,1738624241613,ViaBroker
broker,sub2,b'News',1738624242585,1738624242587,ViaBroker
broker,sub2,b'Technology',1738624242586,1738624242587,ViaBroker
broker,sub2,b'News',1738624242612,1738624242613,ViaBroker
broker,sub2,b'Technology',1738624242614,1738624242615,ViaBroker
broker,sub2,b'News',1738624243586,1738624243587,ViaBroker
broker,sub2,b'Technology',1738624243589,1738624243590,ViaBroker
broker,sub2,b'News',1738624243613,1738624243615,ViaBroker
broker,sub2,b'Technology',1738624243614,1738624243615,ViaBroker
broker,sub2,b'News',1738624244587,1738624244588,ViaBroker
broker,sub2,b'Technology',1738624244589,1738624244590,ViaBroker
broker,sub2,b'News',1738624244614,1738624244615,ViaBroker
broker,sub2,b'Technology',1738624244617,1738624244619,ViaBroker
broker,sub2,b'News',1738624245587,1738624245588,ViaBroker
broker,sub2,b'Technology',1738624245588,1738624245589,ViaBroker
broker,sub2,b'News',1738624245615,1738624245617,ViaBroker
broker,sub2,b'Technology',1738624245616,1738624245617,ViaBroker
broker,sub2,b'News',1738624246589,1738624246590,ViaBroker
broker,sub2,b'Technology',1738624246592,1738624246595,ViaBroker
broker,sub2,b'News',1738624246616,1738624246617,ViaBroker
broker,sub2,b'Technology',1738624246617,1738624246618,ViaBroker
broker,sub2,b'News',1738624247589,1738624247590,ViaBroker
broker,sub2,b'Technology',1738624247591,1738624247591,ViaBroker
broker,sub2,b'News',1738624247617,1738624247619,ViaBroker
broker,sub2,b'Technology',1738624247618,1738624247619,ViaBroker
broker,sub2,b'News',1738624248590,1738624248592,ViaBroker
broker,sub2,b'Technology',1738624248591,1738624248592,ViaBroker
broker,sub2,b'News',1738624248619,1738624248621,ViaBroker
broker,sub2,b'Technology',1738624248621,1738624248622,ViaBroker
broker,sub2,b'News',1738624249590,1738624249591,ViaBroker
broker,sub2,b'Technology',1738624249591,1738624249592,ViaBroker
broker,sub2,b'News',1738624249620,1738624249621,ViaBroker
broker,sub2,b'Technology',1738624249621,1738624249622,ViaBroker
broker,sub2,b'News',1738624250595,1738624250595,ViaBroker
broker,sub2,b'Technology',1738624250595,1738624250597,ViaBroker
broker,sub2,b'News',1738624250621,1738624250621,ViaBroker
broker,sub2,b'Technology',1738624250621,1738624250622,ViaBroker
broker,sub2,b'News',1738624251593,1738624251595,ViaBroker
broker,sub2,b'Technology',1738624251596,1738624251597,ViaBroker
broker,sub2,b'News',1738624251622,1738624251622,ViaBroker
broker,sub2,b'Technology',1738624251622,1738624251624,ViaBroker
broker,sub2,b'News',1738624252594,1738624252596,ViaBroker
broker,sub2,b'Technology',1738624252595,1738624252597,ViaBroker
broker,sub2,b'News',1738624252626,1738624252627,ViaBroker
broker,sub2,b'Technology',1738624252627,1738624252629,ViaBroker
broker,sub2,b'News',1738624253595,1738624253596,ViaBroker
broker,sub2,b'Technology',1738624253596,1738624253598,ViaBroker
broker,sub2,b'News',1738624253625,1738624253626,ViaBroker
broker,sub2,b'Technology',1738624253626,1738624253627,ViaBroker
broker,sub2,b'News',1738624254597,1738624254599,ViaBroker
broker,sub2,b'Technology',1738624254599,1738624254600,ViaBroker
broker,sub2,b'News',1738624254627,1738624254629,ViaBroker
broker,sub2,b'Technology',1738624254628,1738624254630,ViaBroker
broker,sub2,b'News',1738624255598,1738624255599,ViaBroker
broker,sub2,b'Technology',1738624255599,1738624255601,ViaBroker
broker,sub2,b'News',1738624255628,1738624255629,ViaBroker
broker,sub2,b'Technology',1738624255629,1738624255630,ViaBroker
broker,sub2,b'News',1738624256600,1738624256601,ViaBroker
broker,sub2,b'Technology',1738624256602,1738624256602,ViaBroker
broker,sub2,b'News',1738624256629,1738624256630,ViaBroker
broker,sub2,b'Technology',1738624256631,1738624256632,ViaBroker
broker,sub2,b'News',1738624257601,1738624257603,ViaBroker
broker,sub2,b'Technology',1738624257602,1738624257603,ViaBroker
broker,sub2,b'News',1738624257630,1738624257633,ViaBroker
broker,sub2,b'Technology',1738624257631,1738624257634,ViaBroker
broker,sub2,b'News',1738624258603,1738624258606,ViaBroker
broker,sub2,b'Technology',1738624258604,1738624258606,ViaBroker
broker,sub2,b'News',1738624258631,1738624258632,ViaBroker
broker,sub2,b'Technology',1738624258633,1738624258634,ViaBroker
broker,sub2,b'News',1738624259603,1738624259605,ViaBroker
broker,sub2,b'Technology',1738624259604,1738624259606,ViaBroker
broker,sub2,b'News',1738624259632,1738624259633,ViaBroker
broker,sub2,b'Technology',1738624259634,1738624259635,ViaBroker
broker,sub2,b'News',1738624260604,1738624260606,ViaBroker
broker,sub2,b'Technology',1738624260605,1738624260607,ViaBroker
broker,sub2,b'News',1738624260634,1738624260635,ViaBroker
broker,sub2,b'Technology',1738624260635,1738624260636,ViaBroker
broker,sub2,b'News',1738624261606,1738624261608,ViaBroker
broker,sub2,b'News',1738624238610,1738624238613,ViaBroker
broker,sub2,b'Technology',1738624238612,1738624238614,ViaBroker
broker,sub2,b'News',1738624239582,1738624239583,ViaBroker
broker,sub2,b'Technology',1738624239585,1738624239585,ViaBroker
broker,sub2,b'News',1738624239608,1738624239609,ViaBroker
broker,sub2,b'Technology',1738624239609,1738624239610,ViaBroker
broker,sub2,b'News',1738624240583,1738624240584,ViaBroker
broker,sub2,b'Technology',1738624240586,1738624240587,ViaBroker
broker,sub2,b'News',1738624240608,1738624240609,ViaBroker
broker,sub2,b'Technology',1738624240610,1738624240611,ViaBroker
broker,sub2,b'News',1738624241584,1738624241585,ViaBroker
broker,sub2,b'Technology',1738624241586,1738624241587,ViaBroker
broker,sub2,b'News',1738624241610,1738624241611,ViaBroker
broker,sub2,b'Technology',1738624241612,1738624241613,ViaBroker
broker,sub2,b'News',1738624242585,1738624242587,ViaBroker
broker,sub2,b'Technology',1738624242586,1738624242587,ViaBroker
broker,sub2,b'News',1738624242612,1738624242613,ViaBroker
broker,sub2,b'Technology',1738624242614,1738624242615,ViaBroker
broker,sub2,b'News',1738624243586,1738624243587,ViaBroker
broker,sub2,b'Technology',1738624243589,1738624243590,ViaBroker
broker,sub2,b'News',1738624243613,1738624243615,ViaBroker
broker,sub2,b'Technology',1738624243614,1738624243615,ViaBroker
broker,sub2,b'News',1738624244587,1738624244588,ViaBroker
broker,sub2,b'Technology',1738624244589,1738624244590,ViaBroker
broker,sub2,b'News',1738624244614,1738624244615,ViaBroker
broker,sub2,b'Technology',1738624244617,1738624244619,ViaBroker
broker,sub2,b'News',1738624245587,1738624245588,ViaBroker
broker,sub2,b'Technology',1738624245588,1738624245589,ViaBroker
broker,sub2,b'News',1738624245615,1738624245617,ViaBroker
broker,sub2,b'Technology',1738624245616,1738624245617,ViaBroker
broker,sub2,b'News',1738624246589,1738624246590,ViaBroker
broker,sub2,b'Technology',1738624246592,1738624246595,ViaBroker
broker,sub2,b'News',1738624246616,1738624246617,ViaBroker
broker,sub2,b'Technology',1738624246617,1738624246618,ViaBroker
broker,sub2,b'News',1738624247589,1738624247590,ViaBroker
broker,sub2,b'Technology',1738624247591,1738624247591,ViaBroker
broker,sub2,b'News',1738624247617,1738624247619,ViaBroker
broker,sub2,b'Technology',1738624247618,1738624247619,ViaBroker
broker,sub2,b'News',1738624248590,1738624248592,ViaBroker
broker,sub2,b'Technology',1738624248591,1738624248592,ViaBroker
broker,sub2,b'News',1738624248619,1738624248621,ViaBroker
broker,sub2,b'Technology',1738624248621,1738624248622,ViaBroker
broker,sub2,b'News',1738624249590,1738624249591,ViaBroker
broker,sub2,b'Technology',1738624249591,1738624249592,ViaBroker
broker,sub2,b'News',1738624249620,1738624249621,ViaBroker
broker,sub2,b'Technology',1738624249621,1738624249622,ViaBroker
broker,sub2,b'News',1738624250595,1738624250595,ViaBroker
broker,sub2,b'Technology',1738624250595,1738624250597,ViaBroker
broker,sub2,b'News',1738624250621,1738624250621,ViaBroker
broker,sub2,b'Technology',1738624250621,1738624250622,ViaBroker
broker,sub2,b'News',1738624251593,1738624251595,ViaBroker
broker,sub2,b'Technology',1738624251596,1738624251597,ViaBroker
broker,sub2,b'News',1738624251622,1738624251622,ViaBroker
broker,sub2,b'Technology',1738624251622,1738624251624,ViaBroker
broker,sub2,b'News',1738624252594,1738624252596,ViaBroker
broker,sub2,b'Technology',1738624252595,1738624252597,ViaBroker
broker,sub2,b'News',1738624252626,1738624252627,ViaBroker
broker,sub2,b'Technology',1738624252627,1738624252629,ViaBroker
broker,sub2,b'News',1738624253595,1738624253596,ViaBroker
broker,sub2,b'Technology',1738624253596,1738624253598,ViaBroker
broker,sub2,b'News',1738624253625,1738624253626,ViaBroker
broker,sub2,b'Technology',1738624253626,1738624253627,ViaBroker
broker,sub2,b'News',1738624254597,1738624254599,ViaBroker
broker,sub2,b'Technology',1738624254599,1738624254600,ViaBroker
broker,sub2,b'News',1738624254627,1738624254629,ViaBroker
broker,sub2,b'Technology',1738624254628,1738624254630,ViaBroker
broker,sub2,b'News',1738624255598,1738624255599,ViaBroker
broker,sub2,b'Technology',1738624255599,1738624255601,ViaBroker
broker,sub2,b'News',1738624255628,1738624255629,ViaBroker
broker,sub2,b'Technology',1738624255629,1738624255630,ViaBroker
broker,sub2,b'News',1738624256600,1738624256601,ViaBroker
broker,sub2,b'Technology',1738624256602,1738624256602,ViaBroker
broker,sub2,b'News',1738624256629,1738624256630,ViaBroker
broker,sub2,b'Technology',1738624256631,1738624256632,ViaBroker
broker,sub2,b'News',1738624257601,1738624257603,ViaBroker
broker,sub2,b'Technology',1738624257602,1738624257603,ViaBroker
broker,sub2,b'News',1738624257630,1738624257633,ViaBroker
broker,sub2,b'Technology',1738624257631,1738624257634,ViaBroker
broker,sub2,b'News',1738624258603,1738624258606,ViaBroker
broker,sub2,b'Technology',1738624258604,1738624258606,ViaBroker
broker,sub2,b'News',1738624258631,1738624258632,ViaBroker
broker,sub2,b'Technology',1738624258633,1738624258634,ViaBroker
broker,sub2,b'News',1738624259603,1738624259605,ViaBroker
broker,sub2,b'Technology',1738624259604,1738624259606,ViaBroker
broker,sub2,b'News',1738624259632,1738624259633,ViaBroker
broker,sub2,b'Technology',1738624259634,1738624259635,ViaBroker
broker,sub2,b'News',1738624260604,1738624260606,ViaBroker
broker,sub2,b'Technology',1738624260605,1738624260607,ViaBroker
broker,sub2,b'News',1738624260634,1738624260635,ViaBroker
broker,sub2,b'Technology',1738624260635,1738624260636,ViaBroker
broker,sub2,b'News',1738624261606,1738624261608,ViaBroker
broker,sub2,b'Technology',1738624261609,1738624261611,ViaBroker
broker,sub2,b'News',1738624261634,1738624261635,ViaBroker
broker,sub2,b'Technology',1738624261636,1738624261637,ViaBroker
broker,sub2,b'News',1738624262607,1738624262608,ViaBroker
broker,sub2,b'Technology',1738624262607,1738624262609,ViaBroker
broker,sub2,b'News',1738624262636,1738624262637,ViaBroker
broker,sub2,b'Technology',1738624262639,1738624262640,ViaBroker
broker,sub2,b'News',1738624263608,1738624263611,ViaBroker
broker,sub2,b'Technology',1738624263609,1738624263612,ViaBroker
broker,sub2,b'News',1738624263637,1738624263638,ViaBroker
broker,sub2,b'Technology',1738624263639,1738624263639,ViaBroker
broker,sub2,b'News',1738624264609,1738624264611,ViaBroker
broker,sub2,b'Technology',1738624264610,1738624264612,ViaBroker
broker,sub2,b'News',1738624264638,1738624264639,ViaBroker
broker,sub2,b'Technology',1738624264639,1738624264641,ViaBroker
broker,sub2,b'News',1738624265610,1738624265612,ViaBroker
broker,sub2,b'Technology',1738624265611,1738624265613,ViaBroker
broker,sub2,b'News',1738624265640,1738624265641,ViaBroker
broker,sub2,b'Technology',1738624265640,1738624265642,ViaBroker
broker,sub2,b'News',1738624266611,1738624266612,ViaBroker
broker,sub2,b'Technology',1738624266613,1738624266613,ViaBroker
broker,sub2,b'News',1738624266641,1738624266642,ViaBroker
broker,sub2,b'Technology',1738624266643,1738624266644,ViaBroker
broker,sub2,b'News',1738624267612,1738624267614,ViaBroker
broker,sub2,b'Technology',1738624267614,1738624267615,ViaBroker
broker,sub2,b'News',1738624267642,1738624267643,ViaBroker
broker,sub2,b'Technology',1738624267644,1738624267645,ViaBroker
broker,sub2,b'News',1738624268614,1738624268616,ViaBroker
broker,sub2,b'Technology',1738624268615,1738624268617,ViaBroker
broker,sub2,b'News',1738624268643,1738624268644,ViaBroker
broker,sub2,b'Technology',1738624268644,1738624268648,ViaBroker
broker,sub2,b'News',1738624269614,1738624269616,ViaBroker
broker,sub2,b'Technology',1738624269616,1738624269617,ViaBroker
broker,sub2,b'News',1738624269645,1738624269646,ViaBroker
broker,sub2,b'Technology',1738624269647,1738624269648,ViaBroker
broker,sub2,b'News',1738624270616,1738624270618,ViaBroker
broker,sub2,b'Technology',1738624270617,1738624270618,ViaBroker
broker,sub2,b'News',1738624270646,1738624270646,ViaBroker
broker,sub2,b'Technology',1738624270647,1738624270648,ViaBroker
broker,sub2,b'News',1738624271616,1738624271618,ViaBroker
broker,sub2,b'Technology',1738624271619,1738624271620,ViaBroker
broker,sub2,b'News',1738624271647,1738624271648,ViaBroker
broker,sub2,b'Technology',1738624271648,1738624271649,ViaBroker
broker,sub2,b'News',1738624272617,1738624272619,ViaBroker
broker,sub2,b'Technology',1738624272619,1738624272621,ViaBroker
broker,sub2,b'News',1738624272648,1738624272649,ViaBroker
broker,sub2,b'Technology',1738624272648,1738624272650,ViaBroker
broker,sub2,b'News',1738624273618,1738624273620,ViaBroker
broker,sub2,b'Technology',1738624273620,1738624273621,ViaBroker
broker,sub2,b'News',1738624273650,1738624273652,ViaBroker
broker,sub2,b'Technology',1738624273652,1738624273653,ViaBroker
broker,sub2,b'News',1738624274619,1738624274621,ViaBroker
broker,sub2,b'Technology',1738624274621,1738624274623,ViaBroker
broker,sub2,b'News',1738624274650,1738624274651,ViaBroker
broker,sub2,b'Technology',1738624274652,1738624274653,ViaBroker
broker,sub2,b'News',1738624275621,1738624275622,ViaBroker
broker,sub2,b'Technology',1738624275621,1738624275622,ViaBroker
broker,sub2,b'News',1738624275651,1738624275653,ViaBroker
broker,sub2,b'Technology',1738624275652,1738624275653,ViaBroker
broker,sub2,b'News',1738624276621,1738624276622,ViaBroker
broker,sub2,b'News',1738624238610,1738624238613,ViaBroker
broker,sub2,b'Technology',1738624238612,1738624238614,ViaBroker
broker,sub2,b'News',1738624239582,1738624239583,ViaBroker
broker,sub2,b'Technology',1738624239585,1738624239585,ViaBroker
broker,sub2,b'News',1738624239608,1738624239609,ViaBroker
broker,sub2,b'Technology',1738624239609,1738624239610,ViaBroker
broker,sub2,b'News',1738624240583,1738624240584,ViaBroker
broker,sub2,b'Technology',1738624240586,1738624240587,ViaBroker
broker,sub2,b'News',1738624240608,1738624240609,ViaBroker
broker,sub2,b'Technology',1738624240610,1738624240611,ViaBroker
broker,sub2,b'News',1738624241584,1738624241585,ViaBroker
broker,sub2,b'Technology',1738624241586,1738624241587,ViaBroker
broker,sub2,b'News',1738624241610,1738624241611,ViaBroker
broker,sub2,b'Technology',1738624241612,1738624241613,ViaBroker
broker,sub2,b'News',1738624242585,1738624242587,ViaBroker
broker,sub2,b'Technology',1738624242586,1738624242587,ViaBroker
broker,sub2,b'News',1738624242612,1738624242613,ViaBroker
broker,sub2,b'Technology',1738624242614,1738624242615,ViaBroker
broker,sub2,b'News',1738624243586,1738624243587,ViaBroker
broker,sub2,b'Technology',1738624243589,1738624243590,ViaBroker
broker,sub2,b'News',1738624243613,1738624243615,ViaBroker
broker,sub2,b'Technology',1738624243614,1738624243615,ViaBroker
broker,sub2,b'News',1738624244587,1738624244588,ViaBroker
broker,sub2,b'Technology',1738624244589,1738624244590,ViaBroker
broker,sub2,b'News',1738624244614,1738624244615,ViaBroker
broker,sub2,b'Technology',1738624244617,1738624244619,ViaBroker
broker,sub2,b'News',1738624245587,1738624245588,ViaBroker
broker,sub2,b'Technology',1738624245588,1738624245589,ViaBroker
broker,sub2,b'News',1738624245615,1738624245617,ViaBroker
broker,sub2,b'Technology',1738624245616,1738624245617,ViaBroker
broker,sub2,b'News',1738624246589,1738624246590,ViaBroker
broker,sub2,b'Technology',1738624246592,1738624246595,ViaBroker
broker,sub2,b'News',1738624246616,1738624246617,ViaBroker
broker,sub2,b'Technology',1738624246617,1738624246618,ViaBroker
broker,sub2,b'News',1738624247589,1738624247590,ViaBroker
broker,sub2,b'Technology',1738624247591,1738624247591,ViaBroker
broker,sub2,b'News',1738624247617,1738624247619,ViaBroker
broker,sub2,b'Technology',1738624247618,1738624247619,ViaBroker
broker,sub2,b'News',1738624248590,1738624248592,ViaBroker
broker,sub2,b'Technology',1738624248591,1738624248592,ViaBroker
broker,sub2,b'News',1738624248619,1738624248621,ViaBroker
broker,sub2,b'Technology',1738624248621,1738624248622,ViaBroker
broker,sub2,b'News',1738624249590,1738624249591,ViaBroker
broker,sub2,b'Technology',1738624249591,1738624249592,ViaBroker
broker,sub2,b'News',1738624249620,1738624249621,ViaBroker
broker,sub2,b'Technology',1738624249621,1738624249622,ViaBroker
broker,sub2,b'News',1738624250595,1738624250595,ViaBroker
broker,sub2,b'Technology',1738624250595,1738624250597,ViaBroker
broker,sub2,b'News',1738624250621,1738624250621,ViaBroker
broker,sub2,b'Technology',1738624250621,1738624250622,ViaBroker
broker,sub2,b'News',1738624251593,1738624251595,ViaBroker
broker,sub2,b'Technology',1738624251596,1738624251597,ViaBroker
broker,sub2,b'News',1738624251622,1738624251622,ViaBroker
broker,sub2,b'Technology',1738624251622,1738624251624,ViaBroker
broker,sub2,b'News',1738624252594,1738624252596,ViaBroker
broker,sub2,b'Technology',1738624252595,1738624252597,ViaBroker
broker,sub2,b'News',1738624252626,1738624252627,ViaBroker
broker,sub2,b'Technology',1738624252627,1738624252629,ViaBroker
broker,sub2,b'News',1738624253595,1738624253596,ViaBroker
broker,sub2,b'Technology',1738624253596,1738624253598,ViaBroker
broker,sub2,b'News',1738624253625,1738624253626,ViaBroker
broker,sub2,b'Technology',1738624253626,1738624253627,ViaBroker
broker,sub2,b'News',1738624254597,1738624254599,ViaBroker
broker,sub2,b'Technology',1738624254599,1738624254600,ViaBroker
broker,sub2,b'News',1738624254627,1738624254629,ViaBroker
broker,sub2,b'Technology',1738624254628,1738624254630,ViaBroker
broker,sub2,b'News',1738624255598,1738624255599,ViaBroker
broker,sub2,b'Technology',1738624255599,1738624255601,ViaBroker
broker,sub2,b'News',1738624255628,1738624255629,ViaBroker
broker,sub2,b'Technology',1738624255629,1738624255630,ViaBroker
broker,sub2,b'News',1738624256600,1738624256601,ViaBroker
broker,sub2,b'Technology',1738624256602,1738624256602,ViaBroker
broker,sub2,b'News',1738624256629,1738624256630,ViaBroker
broker,sub2,b'Technology',1738624256631,1738624256632,ViaBroker
broker,sub2,b'News',1738624257601,1738624257603,ViaBroker
broker,sub2,b'Technology',1738624257602,1738624257603,ViaBroker
broker,sub2,b'News',1738624257630,1738624257633,ViaBroker
broker,sub2,b'Technology',1738624257631,1738624257634,ViaBroker
broker,sub2,b'News',1738624258603,1738624258606,ViaBroker
broker,sub2,b'Technology',1738624258604,1738624258606,ViaBroker
broker,sub2,b'News',1738624258631,1738624258632,ViaBroker
broker,sub2,b'Technology',1738624258633,1738624258634,ViaBroker
broker,sub2,b'News',1738624259603,1738624259605,ViaBroker
broker,sub2,b'Technology',1738624259604,1738624259606,ViaBroker
broker,sub2,b'News',1738624259632,1738624259633,ViaBroker
broker,sub2,b'Technology',1738624259634,1738624259635,ViaBroker
broker,sub2,b'News',1738624260604,1738624260606,ViaBroker
broker,sub2,b'Technology',1738624260605,1738624260607,ViaBroker
broker,sub2,b'News',1738624260634,1738624260635,ViaBroker
broker,sub2,b'Technology',1738624260635,1738624260636,ViaBroker
broker,sub2,b'News',1738624261606,1738624261608,ViaBroker
broker,sub2,b'Technology',1738624261609,1738624261611,ViaBroker
broker,sub2,b'News',1738624261634,1738624261635,ViaBroker
broker,sub2,b'Technology',1738624261636,1738624261637,ViaBroker
broker,sub2,b'News',1738624262607,1738624262608,ViaBroker
broker,sub2,b'Technology',1738624262607,1738624262609,ViaBroker
broker,sub2,b'News',1738624262636,1738624262637,ViaBroker
broker,sub2,b'Technology',1738624262639,1738624262640,ViaBroker
broker,sub2,b'News',1738624263608,1738624263611,ViaBroker
broker,sub2,b'Technology',1738624263609,1738624263612,ViaBroker
broker,sub2,b'News',1738624263637,1738624263638,ViaBroker
broker,sub2,b'Technology',1738624263639,1738624263639,ViaBroker
broker,sub2,b'News',1738624264609,1738624264611,ViaBroker
broker,sub2,b'Technology',1738624264610,1738624264612,ViaBroker
broker,sub2,b'News',1738624264638,1738624264639,ViaBroker
broker,sub2,b'Technology',1738624264639,1738624264641,ViaBroker
broker,sub2,b'News',1738624265610,1738624265612,ViaBroker
broker,sub2,b'Technology',1738624265611,1738624265613,ViaBroker
broker,sub2,b'News',1738624265640,1738624265641,ViaBroker
broker,sub2,b'Technology',1738624265640,1738624265642,ViaBroker
broker,sub2,b'News',1738624266611,1738624266612,ViaBroker
broker,sub2,b'Technology',1738624266613,1738624266613,ViaBroker
broker,sub2,b'News',1738624266641,1738624266642,ViaBroker
broker,sub2,b'Technology',1738624266643,1738624266644,ViaBroker
broker,sub2,b'News',1738624267612,1738624267614,ViaBroker
broker,sub2,b'Technology',1738624267614,1738624267615,ViaBroker
broker,sub2,b'News',1738624267642,1738624267643,ViaBroker
broker,sub2,b'Technology',1738624267644,1738624267645,ViaBroker
broker,sub2,b'News',1738624268614,1738624268616,ViaBroker
broker,sub2,b'Technology',1738624268615,1738624268617,ViaBroker
broker,sub2,b'News',1738624268643,1738624268644,ViaBroker
broker,sub2,b'Technology',1738624268644,1738624268648,ViaBroker
broker,sub2,b'News',1738624269614,1738624269616,ViaBroker
broker,sub2,b'Technology',1738624269616,1738624269617,ViaBroker
broker,sub2,b'News',1738624269645,1738624269646,ViaBroker
broker,sub2,b'Technology',1738624269647,1738624269648,ViaBroker
broker,sub2,b'News',1738624270616,1738624270618,ViaBroker
broker,sub2,b'Technology',1738624270617,1738624270618,ViaBroker
broker,sub2,b'News',1738624270646,1738624270646,ViaBroker
broker,sub2,b'Technology',1738624270647,1738624270648,ViaBroker
broker,sub2,b'News',1738624271616,1738624271618,ViaBroker
broker,sub2,b'Technology',1738624271619,1738624271620,ViaBroker
broker,sub2,b'News',1738624271647,1738624271648,ViaBroker
broker,sub2,b'Technology',1738624271648,1738624271649,ViaBroker
broker,sub2,b'News',1738624272617,1738624272619,ViaBroker
broker,sub2,b'Technology',1738624272619,1738624272621,ViaBroker
broker,sub2,b'News',1738624272648,1738624272649,ViaBroker
broker,sub2,b'Technology',1738624272648,1738624272650,ViaBroker
broker,sub2,b'News',1738624273618,1738624273620,ViaBroker
broker,sub2,b'Technology',1738624273620,1738624273621,ViaBroker
broker,sub2,b'News',1738624273650,1738624273652,ViaBroker
broker,sub2,b'Technology',1738624273652,1738624273653,ViaBroker
broker,sub2,b'News',1738624274619,1738624274621,ViaBroker
broker,sub2,b'Technology',1738624274621,1738624274623,ViaBroker
broker,sub2,b'News',1738624274650,1738624274651,ViaBroker
broker,sub2,b'Technology',1738624274652,1738624274653,ViaBroker
broker,sub2,b'News',1738624275621,1738624275622,ViaBroker
broker,sub2,b'Technology',1738624275621,1738624275622,ViaBroker
broker,sub2,b'News',1738624275651,1738624275653,ViaBroker
broker,sub2,b'Technology',1738624275652,1738624275653,ViaBroker
broker,sub2,b'News',1738624276621,1738624276622,ViaBroker
broker,sub2,b'Technology',1738624276622,1738624276627,ViaBroker
broker,sub2,b'News',1738624276653,1738624276655,ViaBroker
broker,sub2,b'Technology',1738624276656,1738624276657,ViaBroker
broker,sub2,b'News',1738624277623,1738624277624,ViaBroker
broker,sub2,b'Technology',1738624277623,1738624277625,ViaBroker
broker,sub2,b'News',1738624277656,1738624277657,ViaBroker
broker,sub2,b'Technology',1738624277659,1738624277660,ViaBroker
broker,sub2,b'News',1738624278624,1738624278626,ViaBroker
broker,sub2,b'Technology',1738624278625,1738624278627,ViaBroker
broker,sub2,b'News',1738624278657,1738624278659,ViaBroker
broker,sub2,b'Technology',1738624278660,1738624278662,ViaBroker
broker,sub2,b'News',1738624279625,1738624279626,ViaBroker
broker,sub2,b'Technology',1738624279628,1738624279629,ViaBroker
broker,sub2,b'News',1738624279658,1738624279659,ViaBroker
broker,sub2,b'Technology',1738624279660,1738624279661,ViaBroker
broker,sub2,b'News',1738624280626,1738624280627,ViaBroker
broker,sub2,b'Technology',1738624280628,1738624280629,ViaBroker
broker,sub2,b'News',1738624280661,1738624280663,ViaBroker
broker,sub2,b'Technology',1738624280664,1738624280665,ViaBroker
broker,sub2,b'News',1738624281628,1738624281629,ViaBroker
broker,sub2,b'Technology',1738624281631,1738624281632,ViaBroker
broker,sub2,b'News',1738624281662,1738624281663,ViaBroker
broker,sub2,b'Technology',1738624281665,1738624281666,ViaBroker
broker,sub2,b'News',1738624282628,1738624282629,ViaBroker
broker,sub2,b'Technology',1738624282630,1738624282631,ViaBroker
broker,sub2,b'News',1738624282664,1738624282665,ViaBroker
broker,sub2,b'Technology',1738624282665,1738624282666,ViaBroker
broker,sub2,b'News',1738624283629,1738624283630,ViaBroker
broker,sub2,b'Technology',1738624283630,1738624283631,ViaBroker
broker,sub2,b'News',1738624283664,1738624283665,ViaBroker
broker,sub2,b'Technology',1738624283665,1738624283666,ViaBroker
broker,sub2,b'News',1738624284630,1738624284631,ViaBroker
broker,sub2,b'Technology',1738624284631,1738624284632,ViaBroker
broker,sub2,b'News',1738624284667,1738624284668,ViaBroker
broker,sub2,b'Technology',1738624284668,1738624284670,ViaBroker
broker,sub2,b'News',1738624285631,1738624285633,ViaBroker
broker,sub2,b'Technology',1738624285633,1738624285635,ViaBroker
broker,sub2,b'News',1738624285668,1738624285669,ViaBroker
broker,sub2,b'Technology',1738624285669,1738624285670,ViaBroker
broker,sub2,b'News',1738624286632,1738624286634,ViaBroker
broker,sub2,b'Technology',1738624286633,1738624286634,ViaBroker
broker,sub2,b'News',1738624286669,1738624286670,ViaBroker
broker,sub2,b'Technology',1738624286670,1738624286671,ViaBroker
broker,sub2,b'News',1738624287633,1738624287635,ViaBroker
broker,sub2,b'Technology',1738624287634,1738624287636,ViaBroker
broker,sub2,b'News',1738624287671,1738624287672,ViaBroker
broker,sub2,b'Technology',1738624287672,1738624287674,ViaBroker
broker,sub2,b'News',1738624288635,1738624288637,ViaBroker
broker,sub2,b'Technology',1738624288637,1738624288640,ViaBroker
broker,sub2,b'News',1738624288672,1738624288673,ViaBroker
broker,sub2,b'Technology',1738624288673,1738624288674,ViaBroker
broker,sub2,b'News',1738624289635,1738624289637,ViaBroker
broker,sub2,b'Technology',1738624289637,1738624289638,ViaBroker
broker,sub2,b'News',1738624289674,1738624289675,ViaBroker
broker,sub2,b'Technology',1738624289676,1738624289676,ViaBroker
broker,sub2,b'News',1738624290636,1738624290638,ViaBroker
broker,sub2,b'Technology',1738624290638,1738624290640,ViaBroker
broker,sub2,b'News',1738624290675,1738624290676,ViaBroker
broker,sub2,b'Technology',1738624290675,1738624290677,ViaBroker
broker,sub2,b'News',1738624291637,1738624291640,ViaBroker
broker,sub2,b'News',1738624238610,1738624238613,ViaBroker
broker,sub2,b'Technology',1738624238612,1738624238614,ViaBroker
broker,sub2,b'News',1738624239582,1738624239583,ViaBroker
broker,sub2,b'Technology',1738624239585,1738624239585,ViaBroker
broker,sub2,b'News',1738624239608,1738624239609,ViaBroker
broker,sub2,b'Technology',1738624239609,1738624239610,ViaBroker
broker,sub2,b'News',1738624240583,1738624240584,ViaBroker
broker,sub2,b'Technology',1738624240586,1738624240587,ViaBroker
broker,sub2,b'News',1738624240608,1738624240609,ViaBroker
broker,sub2,b'Technology',1738624240610,1738624240611,ViaBroker
broker,sub2,b'News',1738624241584,1738624241585,ViaBroker
broker,sub2,b'Technology',1738624241586,1738624241587,ViaBroker
broker,sub2,b'News',1738624241610,1738624241611,ViaBroker
broker,sub2,b'Technology',1738624241612,1738624241613,ViaBroker
broker,sub2,b'News',1738624242585,1738624242587,ViaBroker
broker,sub2,b'Technology',1738624242586,1738624242587,ViaBroker
broker,sub2,b'News',1738624242612,1738624242613,ViaBroker
broker,sub2,b'Technology',1738624242614,1738624242615,ViaBroker
broker,sub2,b'News',1738624243586,1738624243587,ViaBroker
broker,sub2,b'Technology',1738624243589,1738624243590,ViaBroker
broker,sub2,b'News',1738624243613,1738624243615,ViaBroker
broker,sub2,b'Technology',1738624243614,1738624243615,ViaBroker
broker,sub2,b'News',1738624244587,1738624244588,ViaBroker
broker,sub2,b'Technology',1738624244589,1738624244590,ViaBroker
broker,sub2,b'News',1738624244614,1738624244615,ViaBroker
broker,sub2,b'Technology',1738624244617,1738624244619,ViaBroker
broker,sub2,b'News',1738624245587,1738624245588,ViaBroker
broker,sub2,b'Technology',1738624245588,1738624245589,ViaBroker
broker,sub2,b'News',1738624245615,1738624245617,ViaBroker
broker,sub2,b'Technology',1738624245616,1738624245617,ViaBroker
broker,sub2,b'News',1738624246589,1738624246590,ViaBroker
broker,sub2,b'Technology',1738624246592,1738624246595,ViaBroker
broker,sub2,b'News',1738624246616,1738624246617,ViaBroker
broker,sub2,b'Technology',1738624246617,1738624246618,ViaBroker
broker,sub2,b'News',1738624247589,1738624247590,ViaBroker
broker,sub2,b'Technology',1738624247591,1738624247591,ViaBroker
broker,sub2,b'News',1738624247617,1738624247619,ViaBroker
broker,sub2,b'Technology',1738624247618,1738624247619,ViaBroker
broker,sub2,b'News',1738624248590,1738624248592,ViaBroker
broker,sub2,b'Technology',1738624248591,1738624248592,ViaBroker
broker,sub2,b'News',1738624248619,1738624248621,ViaBroker
broker,sub2,b'Technology',1738624248621,1738624248622,ViaBroker
broker,sub2,b'News',1738624249590,1738624249591,ViaBroker
broker,sub2,b'Technology',1738624249591,1738624249592,ViaBroker
broker,sub2,b'News',1738624249620,1738624249621,ViaBroker
broker,sub2,b'Technology',1738624249621,1738624249622,ViaBroker
broker,sub2,b'News',1738624250595,1738624250595,ViaBroker
broker,sub2,b'Technology',1738624250595,1738624250597,ViaBroker
broker,sub2,b'News',1738624250621,1738624250621,ViaBroker
broker,sub2,b'Technology',1738624250621,1738624250622,ViaBroker
broker,sub2,b'News',1738624251593,1738624251595,ViaBroker
broker,sub2,b'Technology',1738624251596,1738624251597,ViaBroker
broker,sub2,b'News',1738624251622,1738624251622,ViaBroker
broker,sub2,b'Technology',1738624251622,1738624251624,ViaBroker
broker,sub2,b'News',1738624252594,1738624252596,ViaBroker
broker,sub2,b'Technology',1738624252595,1738624252597,ViaBroker
broker,sub2,b'News',1738624252626,1738624252627,ViaBroker
broker,sub2,b'Technology',1738624252627,1738624252629,ViaBroker
broker,sub2,b'News',1738624253595,1738624253596,ViaBroker
broker,sub2,b'Technology',1738624253596,1738624253598,ViaBroker
broker,sub2,b'News',1738624253625,1738624253626,ViaBroker
broker,sub2,b'Technology',1738624253626,1738624253627,ViaBroker
broker,sub2,b'News',1738624254597,1738624254599,ViaBroker
broker,sub2,b'Technology',1738624254599,1738624254600,ViaBroker
broker,sub2,b'News',1738624254627,1738624254629,ViaBroker
broker,sub2,b'Technology',1738624254628,1738624254630,ViaBroker
broker,sub2,b'News',1738624255598,1738624255599,ViaBroker
broker,sub2,b'Technology',1738624255599,1738624255601,ViaBroker
broker,sub2,b'News',1738624255628,1738624255629,ViaBroker
broker,sub2,b'Technology',1738624255629,1738624255630,ViaBroker
broker,sub2,b'News',1738624256600,1738624256601,ViaBroker
broker,sub2,b'Technology',1738624256602,1738624256602,ViaBroker
broker,sub2,b'News',1738624256629,1738624256630,ViaBroker
broker,sub2,b'Technology',1738624256631,1738624256632,ViaBroker
broker,sub2,b'News',1738624257601,1738624257603,ViaBroker
broker,sub2,b'Technology',1738624257602,1738624257603,ViaBroker
broker,sub2,b'News',1738624257630,1738624257633,ViaBroker
broker,sub2,b'Technology',1738624257631,1738624257634,ViaBroker
broker,sub2,b'News',1738624258603,1738624258606,ViaBroker
broker,sub2,b'Technology',1738624258604,1738624258606,ViaBroker
broker,sub2,b'News',1738624258631,1738624258632,ViaBroker
broker,sub2,b'Technology',1738624258633,1738624258634,ViaBroker
broker,sub2,b'News',1738624259603,1738624259605,ViaBroker
broker,sub2,b'Technology',1738624259604,1738624259606,ViaBroker
broker,sub2,b'News',1738624259632,1738624259633,ViaBroker
broker,sub2,b'Technology',1738624259634,1738624259635,ViaBroker
broker,sub2,b'News',1738624260604,1738624260606,ViaBroker
broker,sub2,b'Technology',1738624260605,1738624260607,ViaBroker
broker,sub2,b'News',1738624260634,1738624260635,ViaBroker
broker,sub2,b'Technology',1738624260635,1738624260636,ViaBroker
broker,sub2,b'News',1738624261606,1738624261608,ViaBroker
broker,sub2,b'Technology',1738624261609,1738624261611,ViaBroker
broker,sub2,b'News',1738624261634,1738624261635,ViaBroker
broker,sub2,b'Technology',1738624261636,1738624261637,ViaBroker
broker,sub2,b'News',1738624262607,1738624262608,ViaBroker
broker,sub2,b'Technology',1738624262607,1738624262609,ViaBroker
broker,sub2,b'News',1738624262636,1738624262637,ViaBroker
broker,sub2,b'Technology',1738624262639,1738624262640,ViaBroker
broker,sub2,b'News',1738624263608,1738624263611,ViaBroker
broker,sub2,b'Technology',1738624263609,1738624263612,ViaBroker
broker,sub2,b'News',1738624263637,1738624263638,ViaBroker
broker,sub2,b'Technology',1738624263639,1738624263639,ViaBroker
broker,sub2,b'News',1738624264609,1738624264611,ViaBroker
broker,sub2,b'Technology',1738624264610,1738624264612,ViaBroker
broker,sub2,b'News',1738624264638,1738624264639,ViaBroker
broker,sub2,b'Technology',1738624264639,1738624264641,ViaBroker
broker,sub2,b'News',1738624265610,1738624265612,ViaBroker
broker,sub2,b'Technology',1738624265611,1738624265613,ViaBroker
broker,sub2,b'News',1738624265640,1738624265641,ViaBroker
broker,sub2,b'Technology',1738624265640,1738624265642,ViaBroker
broker,sub2,b'News',1738624266611,1738624266612,ViaBroker
broker,sub2,b'Technology',1738624266613,1738624266613,ViaBroker
broker,sub2,b'News',1738624266641,1738624266642,ViaBroker
broker,sub2,b'Technology',1738624266643,1738624266644,ViaBroker
broker,sub2,b'News',1738624267612,1738624267614,ViaBroker
broker,sub2,b'Technology',1738624267614,1738624267615,ViaBroker
broker,sub2,b'News',1738624267642,1738624267643,ViaBroker
broker,sub2,b'Technology',1738624267644,1738624267645,ViaBroker
broker,sub2,b'News',1738624268614,1738624268616,ViaBroker
broker,sub2,b'Technology',1738624268615,1738624268617,ViaBroker
broker,sub2,b'News',1738624268643,1738624268644,ViaBroker
broker,sub2,b'Technology',1738624268644,1738624268648,ViaBroker
broker,sub2,b'News',1738624269614,1738624269616,ViaBroker
broker,sub2,b'Technology',1738624269616,1738624269617,ViaBroker
broker,sub2,b'News',1738624269645,1738624269646,ViaBroker
broker,sub2,b'Technology',1738624269647,1738624269648,ViaBroker
broker,sub2,b'News',1738624270616,1738624270618,ViaBroker
broker,sub2,b'Technology',1738624270617,1738624270618,ViaBroker
broker,sub2,b'News',1738624270646,1738624270646,ViaBroker
broker,sub2,b'Technology',1738624270647,1738624270648,ViaBroker
broker,sub2,b'News',1738624271616,1738624271618,ViaBroker
broker,sub2,b'Technology',1738624271619,1738624271620,ViaBroker
broker,sub2,b'News',1738624271647,1738624271648,ViaBroker
broker,sub2,b'Technology',1738624271648,1738624271649,ViaBroker
broker,sub2,b'News',1738624272617,1738624272619,ViaBroker
broker,sub2,b'Technology',1738624272619,1738624272621,ViaBroker
broker,sub2,b'News',1738624272648,1738624272649,ViaBroker
broker,sub2,b'Technology',1738624272648,1738624272650,ViaBroker
broker,sub2,b'News',1738624273618,1738624273620,ViaBroker
broker,sub2,b'Technology',1738624273620,1738624273621,ViaBroker
broker,sub2,b'News',1738624273650,1738624273652,ViaBroker
broker,sub2,b'Technology',1738624273652,1738624273653,ViaBroker
broker,sub2,b'News',1738624274619,1738624274621,ViaBroker
broker,sub2,b'Technology',1738624274621,1738624274623,ViaBroker
broker,sub2,b'News',1738624274650,1738624274651,ViaBroker
broker,sub2,b'Technology',1738624274652,1738624274653,ViaBroker
broker,sub2,b'News',1738624275621,1738624275622,ViaBroker
broker,sub2,b'Technology',1738624275621,1738624275622,ViaBroker
broker,sub2,b'News',1738624275651,1738624275653,ViaBroker
broker,sub2,b'Technology',1738624275652,1738624275653,ViaBroker
broker,sub2,b'News',1738624276621,1738624276622,ViaBroker
broker,sub2,b'Technology',1738624276622,1738624276627,ViaBroker
broker,sub2,b'News',1738624276653,1738624276655,ViaBroker
broker,sub2,b'Technology',1738624276656,1738624276657,ViaBroker
broker,sub2,b'News',1738624277623,1738624277624,ViaBroker
broker,sub2,b'Technology',1738624277623,1738624277625,ViaBroker
broker,sub2,b'News',1738624277656,1738624277657,ViaBroker
broker,sub2,b'Technology',1738624277659,1738624277660,ViaBroker
broker,sub2,b'News',1738624278624,1738624278626,ViaBroker
broker,sub2,b'Technology',1738624278625,1738624278627,ViaBroker
broker,sub2,b'News',1738624278657,1738624278659,ViaBroker
broker,sub2,b'Technology',1738624278660,1738624278662,ViaBroker
broker,sub2,b'News',1738624279625,1738624279626,ViaBroker
broker,sub2,b'Technology',1738624279628,1738624279629,ViaBroker
broker,sub2,b'News',1738624279658,1738624279659,ViaBroker
broker,sub2,b'Technology',1738624279660,1738624279661,ViaBroker
broker,sub2,b'News',1738624280626,1738624280627,ViaBroker
broker,sub2,b'Technology',1738624280628,1738624280629,ViaBroker
broker,sub2,b'News',1738624280661,1738624280663,ViaBroker
broker,sub2,b'Technology',1738624280664,1738624280665,ViaBroker
broker,sub2,b'News',1738624281628,1738624281629,ViaBroker
broker,sub2,b'Technology',1738624281631,1738624281632,ViaBroker
broker,sub2,b'News',1738624281662,1738624281663,ViaBroker
broker,sub2,b'Technology',1738624281665,1738624281666,ViaBroker
broker,sub2,b'News',1738624282628,1738624282629,ViaBroker
broker,sub2,b'Technology',1738624282630,1738624282631,ViaBroker
broker,sub2,b'News',1738624282664,1738624282665,ViaBroker
broker,sub2,b'Technology',1738624282665,1738624282666,ViaBroker
broker,sub2,b'News',1738624283629,1738624283630,ViaBroker
broker,sub2,b'Technology',1738624283630,1738624283631,ViaBroker
broker,sub2,b'News',1738624283664,1738624283665,ViaBroker
broker,sub2,b'Technology',1738624283665,1738624283666,ViaBroker
broker,sub2,b'News',1738624284630,1738624284631,ViaBroker
broker,sub2,b'Technology',1738624284631,1738624284632,ViaBroker
broker,sub2,b'News',1738624284667,1738624284668,ViaBroker
broker,sub2,b'Technology',1738624284668,1738624284670,ViaBroker
broker,sub2,b'News',1738624285631,1738624285633,ViaBroker
broker,sub2,b'Technology',1738624285633,1738624285635,ViaBroker
broker,sub2,b'News',1738624285668,1738624285669,ViaBroker
broker,sub2,b'Technology',1738624285669,1738624285670,ViaBroker
broker,sub2,b'News',1738624286632,1738624286634,ViaBroker
broker,sub2,b'Technology',1738624286633,1738624286634,ViaBroker
broker,sub2,b'News',1738624286669,1738624286670,ViaBroker
broker,sub2,b'Technology',1738624286670,1738624286671,ViaBroker
broker,sub2,b'News',1738624287633,1738624287635,ViaBroker
broker,sub2,b'Technology',1738624287634,1738624287636,ViaBroker
broker,sub2,b'News',1738624287671,1738624287672,ViaBroker
broker,sub2,b'Technology',1738624287672,1738624287674,ViaBroker
broker,sub2,b'News',1738624288635,1738624288637,ViaBroker
broker,sub2,b'Technology',1738624288637,1738624288640,ViaBroker
broker,sub2,b'News',1738624288672,1738624288673,ViaBroker
broker,sub2,b'Technology',1738624288673,1738624288674,ViaBroker
broker,sub2,b'News',1738624289635,1738624289637,ViaBroker
broker,sub2,b'Technology',1738624289637,1738624289638,ViaBroker
broker,sub2,b'News',1738624289674,1738624289675,ViaBroker
broker,sub2,b'Technology',1738624289676,1738624289676,ViaBroker
broker,sub2,b'News',1738624290636,1738624290638,ViaBroker
broker,sub2,b'Technology',1738624290638,1738624290640,ViaBroker
broker,sub2,b'News',1738624290675,1738624290676,ViaBroker
broker,sub2,b'Technology',1738624290675,1738624290677,ViaBroker
broker,sub2,b'News',1738624291637,1738624291640,ViaBroker
broker,sub2,b'Technology',1738624291639,1738624291644,ViaBroker
broker,sub2,b'News',1738624291676,1738624291677,ViaBroker
broker,sub2,b'Technology',1738624291677,1738624291678,ViaBroker
broker,sub2,b'News',1738624292638,1738624292639,ViaBroker
broker,sub2,b'Technology',1738624292639,1738624292640,ViaBroker
broker,sub2,b'News',1738624292678,1738624292679,ViaBroker
broker,sub2,b'Technology',1738624292678,1738624292680,ViaBroker
broker,sub2,b'News',1738624293640,1738624293641,ViaBroker
broker,sub2,b'Technology',1738624293641,1738624293644,ViaBroker
broker,sub2,b'News',1738624293679,1738624293679,ViaBroker
broker,sub2,b'Technology',1738624293680,1738624293681,ViaBroker
broker,sub2,b'News',1738624294640,1738624294641,ViaBroker
broker,sub2,b'Technology',1738624294641,1738624294642,ViaBroker
broker,sub2,b'News',1738624294681,1738624294683,ViaBroker
broker,sub2,b'Technology',1738624294682,1738624294684,ViaBroker
broker,sub2,b'News',1738624295642,1738624295644,ViaBroker
broker,sub2,b'Technology',1738624295643,1738624295645,ViaBroker
broker,sub2,b'News',1738624295681,1738624295682,ViaBroker
broker,sub2,b'Technology',1738624295683,1738624295685,ViaBroker
